<?xml version="1.0" encoding="UTF-8"?>
<metadata xml:lang="sv"><Esri><CreaDate>20250725</CreaDate><CreaTime>10131500</CreaTime><ArcGISFormat>1.0</ArcGISFormat><SyncOnce>TRUE</SyncOnce><DataProperties><lineage><Process ToolSource="c:\program files\arcgis\pro\Resources\ArcToolbox\toolboxes\Conversion Tools.tbx\ExportFeatures" Date="20250725" Time="101315">ExportFeatures Hålmyran_frames C:\BRAVE\slu\MyPhD\Preparing_GIS_For_Webpage\SLU_GHG_Infrastructures_New\shapefiles\Temp\Fertilization_Halm_Sto\Halmyran_frames.shp # NOT_USE_ALIAS "Area "Area" true true false 0 Long 0 0,First,#,Hålmyran_frames,Area,-1,-1;Comment "Comment" true true false 255 Text 0 0,First,#,Hålmyran_frames,Comment,0,254;Shape__Area "Shape__Area" false true true 0 Double 0 0,First,#,Hålmyran_frames,Shape__Area,-1,-1;Shape__Length "Shape__Length" false true true 0 Double 0 0,First,#,Hålmyran_frames,Shape__Length,-1,-1" #</Process></lineage></DataProperties></Esri></metadata>
