<?xml version="1.0" encoding="UTF-8"?>
<metadata xml:lang="sv"><Esri><CreaDate>20250725</CreaDate><CreaTime>10115800</CreaTime><ArcGISFormat>1.0</ArcGISFormat><SyncOnce>TRUE</SyncOnce><DataProperties><lineage><Process ToolSource="c:\program files\arcgis\pro\Resources\ArcToolbox\toolboxes\Conversion Tools.tbx\ExportFeatures" Date="20250725" Time="101158">ExportFeatures Hålmyran_tarps C:\BRAVE\slu\MyPhD\Preparing_GIS_For_Webpage\SLU_GHG_Infrastructures_New\shapefiles\Temp\Fertilization_Halm_Sto\Halmyran_tarps_control.shp # NOT_USE_ALIAS "Are_m2 "Area_m2" true true false 255 Text 0 0,First,#,Hålmyran_tarps,Are_m2,0,254;comment "comment" true true false 255 Text 0 0,First,#,Hålmyran_tarps,comment,0,254;Shape__Area "Shape__Area" false true true 0 Double 0 0,First,#,Hålmyran_tarps,Shape__Area,-1,-1;Shape__Length "Shape__Length" false true true 0 Double 0 0,First,#,Hålmyran_tarps,Shape__Length,-1,-1" #</Process></lineage></DataProperties></Esri></metadata>
