<?xml version="1.0" encoding="UTF-8"?>
<metadata xml:lang="sv"><Esri><CreaDate>20250725</CreaDate><CreaTime>10150900</CreaTime><ArcGISFormat>1.0</ArcGISFormat><SyncOnce>TRUE</SyncOnce><DataProperties><lineage><Process ToolSource="c:\program files\arcgis\pro\Resources\ArcToolbox\toolboxes\Conversion Tools.tbx\ExportFeatures" Date="20250725" Time="101509">ExportFeatures Stortjärn_tarps C:\BRAVE\slu\MyPhD\Preparing_GIS_For_Webpage\SLU_GHG_Infrastructures_New\shapefiles\Temp\Fertilization_Halm_Sto\Stortjarn_tarps_control.shp # NOT_USE_ALIAS "Area_m2 "Area_m2" true true false 0 Long 0 0,First,#,Stortjärn_tarps,Area_m2,-1,-1;comment "comment" true true false 255 Text 0 0,First,#,Stortjärn_tarps,comment,0,254;Shape__Area "Shape__Area" false true true 0 Double 0 0,First,#,Stortjärn_tarps,Shape__Area,-1,-1;Shape__Length "Shape__Length" false true true 0 Double 0 0,First,#,Stortjärn_tarps,Shape__Length,-1,-1" #</Process></lineage></DataProperties></Esri></metadata>
