<?xml version="1.0" encoding="UTF-8"?>
<metadata xml:lang="sv"><Esri><CreaDate>20250725</CreaDate><CreaTime>10163900</CreaTime><ArcGISFormat>1.0</ArcGISFormat><SyncOnce>TRUE</SyncOnce><DataProperties><lineage><Process ToolSource="c:\program files\arcgis\pro\Resources\ArcToolbox\toolboxes\Conversion Tools.tbx\ExportFeatures" Date="20250725" Time="101639">ExportFeatures "Stortjärn cathement" C:\BRAVE\slu\MyPhD\Preparing_GIS_For_Webpage\SLU_GHG_Infrastructures_New\shapefiles\Temp\Fertilization_Halm_Sto\Stortjarn_fertilized_all.shp # NOT_USE_ALIAS "SP_ID "SP_ID" true true false 5 Text 0 0,First,#,Stortjärn cathement,SP_ID,0,4;layer "layer" true true false 254 Text 0 0,First,#,Stortjärn cathement,layer,0,253;path "path" true true false 254 Text 0 0,First,#,Stortjärn cathement,path,0,253;Id "Id" true true false 0 Long 0 0,First,#,Stortjärn cathement,Id,-1,-1;Site "Site" true true false 50 Text 0 0,First,#,Stortjärn cathement,Site,0,49;Areacalc "Areacalc" true true false 0 Long 0 0,First,#,Stortjärn cathement,Areacalc,-1,-1;Field "Field" true true false 0 Long 0 0,First,#,Stortjärn cathement,Field,-1,-1;Shape__Area "Shape__Area" false true true 0 Double 0 0,First,#,Stortjärn cathement,Shape__Area,-1,-1;Shape__Length "Shape__Length" false true true 0 Double 0 0,First,#,Stortjärn cathement,Shape__Length,-1,-1" #</Process></lineage></DataProperties></Esri></metadata>
